"","SSC","LRSC","COV","MLCC"
"1"," 4.5809","0.8711","0.59099"," 1.52522"
"2","16.0762","1.9749","1.24120"," 3.60946"
"3","32.9462","2.9277","2.01627"," 6.99519"
"4","56.4400","4.3513","2.61234","10.35270"
"5","83.7348","6.9444","3.33545","14.39237"
