"","SSC","LRSC","COV","MLCC"
"1","15.8887"," 197.533","1.24866","3.63150"
"2","15.1228"," 489.090","1.20977","5.53919"
"3","16.7443"," 859.401","1.21956","7.55147"
"4","18.2255"," 903.682","1.09357","8.85232"
"5","18.0790","1207.462","1.05706","9.20370"
