"","SSC","LRSC","COV","MLCC"
"1"," 4.8505"," 88.6734","0.58965"," 1.49689"
"2","16.6296","198.8625","1.24107"," 3.61199"
"3","33.9585","291.0038","2.01450"," 7.13529"
"4","58.2277","431.8743","2.60514","10.28111"
"5","89.4687","711.9236","3.34503","14.36925"
