"","SSC","LRSC","COV","MLCC"
"1","16.3672"," 2.0179","1.23807","3.70023"
"2","15.0908"," 4.7970","1.22913","5.40346"
"3","16.8836"," 8.4001","1.21230","8.03370"
"4","16.1882"," 8.9787","1.08651","9.00483"
"5","17.4308","11.8307","1.03672","9.61091"
